{"cameraMode":{"drawMode":0,"name":"Shaded","section":"Shading Mode"},"sceneLighting":true,"audioPlay":false,"sceneViewState":{"showFog":true,"showMaterialUpdate":false,"showSkybox":true,"showFlares":true,"showImageEffects":true,"showParticleSystems":true},"in2DMode":false,"pivot":{"x":50.489036560058597,"y":-240.23312377929688,"z":-732.5441284179688},"rotation":{"x":-0.004817217588424683,"y":-0.9854611158370972,"z":0.1674499660730362,"w":-0.028351126238703729},"size":899.5361938476563,"orthographic":false}