{"cameraMode":{"drawMode":0,"name":"Shaded","section":"Shading Mode"},"sceneLighting":true,"audioPlay":false,"sceneViewState":{"showFog":true,"showMaterialUpdate":false,"showSkybox":true,"showFlares":true,"showImageEffects":true,"showParticleSystems":true},"in2DMode":false,"pivot":{"x":37.64765930175781,"y":-16.962427139282228,"z":-0.957211971282959},"rotation":{"x":0.047491446137428287,"y":0.94832444190979,"z":-0.2627740800380707,"w":0.17139187455177308},"size":190.7510986328125,"orthographic":false}