{"cameraMode":{"drawMode":0,"name":"Shaded","section":"Shading Mode"},"sceneLighting":true,"audioPlay":false,"sceneViewState":{"showFog":true,"showMaterialUpdate":false,"showSkybox":true,"showFlares":true,"showImageEffects":true,"showParticleSystems":true},"in2DMode":false,"pivot":{"x":-39.44477081298828,"y":-27.827590942382814,"z":-83.84534454345703},"rotation":{"x":-0.04881937801837921,"y":0.8899043202400208,"z":-0.0981161966919899,"w":-0.4427868127822876},"size":191.1922607421875,"orthographic":false}